cwe_id,title,folder,pairs,code_files,line_pair_semantics
CWE-120,Buffer Copy without Checking Size of Input,cwe_120,20,40,changed_statement
CWE-121,Stack-based Buffer Overflow,cwe_121,20,40,changed_statement
CWE-122,Heap-based Buffer Overflow,cwe_122,20,40,safety_check_vs_affected_statement
CWE-125,Out-of-bounds Read,cwe_125,20,40,safety_check_vs_affected_statement
CWE-134,Use of Externally-Controlled Format String,cwe_134,20,40,changed_statement
CWE-170,Improper Null Termination,cwe_170,20,40,changed_statement
CWE-190,Integer Overflow or Wraparound,cwe_190,20,40,safety_check_vs_affected_statement
CWE-191,Integer Underflow or Wraparound,cwe_191,20,40,safety_check_vs_affected_statement
CWE-193,Off-by-one Error,cwe_193,20,40,changed_statement
CWE-252,Unchecked Return Value,cwe_252,20,40,safety_check_vs_affected_statement
CWE-287,Improper Authentication,cwe_287,20,40,changed_statement
CWE-369,Divide By Zero,cwe_369,20,40,safety_check_vs_affected_statement
CWE-401,Missing Release of Memory after Effective Lifetime,cwe_401,20,40,safety_check_vs_affected_statement
CWE-415,Double Free,cwe_415,20,40,null_reset_vs_second_free
CWE-416,Use After Free,cwe_416,20,40,use_vs_free_ordering_statement
CWE-457,Use of Uninitialized Variable,cwe_457,20,40,changed_statement
CWE-467,Use of sizeof() on a Pointer Type,cwe_467,20,40,changed_statement
CWE-476,NULL Pointer Dereference,cwe_476,20,40,safety_check_vs_affected_statement
CWE-787,Out-of-bounds Write,cwe_787,20,40,safety_check_vs_affected_statement
CWE-789,Memory Allocation with Excessive Size Value,cwe_789,20,40,safety_check_vs_affected_statement
